,airport_code,airport_name,city,timezone
0,YKS,"{'en': 'Yakutsk Airport', 'ru': 'Якутск'}","{'en': 'Yakutsk', 'ru': 'Якутск'}",Asia/Yakutsk
1,MJZ,"{'en': 'Mirny Airport', 'ru': 'Мирный'}","{'en': 'Mirnyj', 'ru': 'Мирный'}",Asia/Yakutsk
2,KHV,"{'en': 'Khabarovsk-Novy Airport', 'ru': 'Хабаровск-Новый'}","{'en': 'Khabarovsk', 'ru': 'Хабаровск'}",Asia/Vladivostok
3,PKC,"{'en': 'Yelizovo Airport', 'ru': 'Елизово'}","{'en': 'Petropavlovsk', 'ru': 'Петропавловск-Камчатский'}",Asia/Kamchatka
4,UUS,"{'en': 'Yuzhno-Sakhalinsk Airport', 'ru': 'Хомутово'}","{'en': 'Yuzhno-Sakhalinsk', 'ru': 'Южно-Сахалинск'}",Asia/Sakhalin
5,VVO,"{'en': 'Vladivostok International Airport', 'ru': 'Владивосток'}","{'en': 'Vladivostok', 'ru': 'Владивосток'}",Asia/Vladivostok
6,LED,"{'en': 'Pulkovo Airport', 'ru': 'Пулково'}","{'en': 'St. Petersburg', 'ru': 'Санкт-Петербург'}",Europe/Moscow
7,KGD,"{'en': 'Khrabrovo Airport', 'ru': 'Храброво'}","{'en': 'Kaliningrad', 'ru': 'Калининград'}",Europe/Kaliningrad
8,KEJ,"{'en': 'Kemerovo Airport', 'ru': 'Кемерово'}","{'en': 'Kemorovo', 'ru': 'Кемерово'}",Asia/Novokuznetsk
9,CEK,"{'en': 'Chelyabinsk Balandino Airport', 'ru': 'Челябинск'}","{'en': 'Chelyabinsk', 'ru': 'Челябинск'}",Asia/Yekaterinburg
10,MQF,"{'en': 'Magnitogorsk International Airport', 'ru': 'Магнитогорск'}","{'en': 'Magnetiogorsk', 'ru': 'Магнитогорск'}",Asia/Yekaterinburg
11,PEE,"{'en': 'Bolshoye Savino Airport', 'ru': 'Пермь'}","{'en': 'Perm', 'ru': 'Пермь'}",Asia/Yekaterinburg
12,SGC,"{'en': 'Surgut Airport', 'ru': 'Сургут'}","{'en': 'Surgut', 'ru': 'Сургут'}",Asia/Yekaterinburg
13,BZK,"{'en': 'Bryansk Airport', 'ru': 'Брянск'}","{'en': 'Bryansk', 'ru': 'Брянск'}",Europe/Moscow
14,MRV,"{'en': 'Mineralnyye Vody Airport', 'ru': 'Минеральные Воды'}","{'en': 'Mineralnye Vody', 'ru': 'Минеральные Воды'}",Europe/Moscow
15,STW,"{'en': 'Stavropol Shpakovskoye Airport', 'ru': 'Ставрополь'}","{'en': 'Stavropol', 'ru': 'Ставрополь'}",Europe/Moscow
16,ASF,"{'en': 'Astrakhan Airport', 'ru': 'Астрахань'}","{'en': 'Astrakhan', 'ru': 'Астрахань'}",Europe/Samara
17,NJC,"{'en': 'Nizhnevartovsk Airport', 'ru': 'Нижневартовск'}","{'en': 'Nizhnevartovsk', 'ru': 'Нижневартовск'}",Asia/Yekaterinburg
18,SVX,"{'en': 'Koltsovo Airport', 'ru': 'Кольцово'}","{'en': 'Yekaterinburg', 'ru': 'Екатеринбург'}",Asia/Yekaterinburg
19,SVO,"{'en': 'Sheremetyevo International Airport', 'ru': 'Шереметьево'}","{'en': 'Moscow', 'ru': 'Москва'}",Europe/Moscow
20,VOZ,"{'en': 'Voronezh International Airport', 'ru': 'Воронеж'}","{'en': 'Voronezh', 'ru': 'Воронеж'}",Europe/Moscow
21,VKO,"{'en': 'Vnukovo International Airport', 'ru': 'Внуково'}","{'en': 'Moscow', 'ru': 'Москва'}",Europe/Moscow
22,SCW,"{'en': 'Syktyvkar Airport', 'ru': 'Сыктывкар'}","{'en': 'Syktyvkar', 'ru': 'Сыктывкар'}",Europe/Moscow
23,KUF,"{'en': 'Kurumoch International Airport', 'ru': 'Курумоч'}","{'en': 'Samara', 'ru': 'Самара'}",Europe/Samara
24,DME,"{'en': 'Domodedovo International Airport', 'ru': 'Домодедово'}","{'en': 'Moscow', 'ru': 'Москва'}",Europe/Moscow
25,TJM,"{'en': 'Roshchino International Airport', 'ru': 'Рощино'}","{'en': 'Tyumen', 'ru': 'Тюмень'}",Asia/Yekaterinburg
26,GOJ,"{'en': 'Nizhny Novgorod Strigino International Airport', 'ru': 'Стригино'}","{'en': 'Nizhniy Novgorod', 'ru': 'Нижний Новгород'}",Europe/Moscow
27,TOF,"{'en': 'Bogashevo Airport', 'ru': 'Богашёво'}","{'en': 'Tomsk', 'ru': 'Томск'}",Asia/Krasnoyarsk
28,UIK,"{'en': 'Ust-Ilimsk Airport', 'ru': 'Усть-Илимск'}","{'en': 'Ust Ilimsk', 'ru': 'Усть-Илимск'}",Asia/Irkutsk
29,NSK,"{'en': 'Norilsk-Alykel Airport', 'ru': 'Норильск'}","{'en': 'Norilsk', 'ru': 'Норильск'}",Asia/Krasnoyarsk
30,ARH,"{'en': 'Talagi Airport', 'ru': 'Талаги'}","{'en': 'Arkhangelsk', 'ru': 'Архангельск'}",Europe/Moscow
31,RTW,"{'en': 'Saratov Central Airport', 'ru': 'Саратов-Центральный'}","{'en': 'Saratov', 'ru': 'Саратов'}",Europe/Volgograd
32,NUX,"{'en': 'Novy Urengoy Airport', 'ru': 'Новый Уренгой'}","{'en': 'Novy Urengoy', 'ru': 'Новый Уренгой'}",Asia/Yekaterinburg
33,NOJ,"{'en': 'Noyabrsk Airport', 'ru': 'Ноябрьск'}","{'en': 'Noyabrsk', 'ru': 'Ноябрьск'}",Asia/Yekaterinburg
34,UCT,"{'en': 'Ukhta Airport', 'ru': 'Ухта'}","{'en': 'Ukhta', 'ru': 'Ухта'}",Europe/Moscow
35,USK,"{'en': 'Usinsk Airport', 'ru': 'Усинск'}","{'en': 'Usinsk', 'ru': 'Усинск'}",Europe/Moscow
36,NNM,"{'en': 'Naryan Mar Airport', 'ru': 'Нарьян-Мар'}","{'en': 'Naryan-Mar', 'ru': 'Нарьян-Мар'}",Europe/Moscow
37,PKV,"{'en': 'Pskov Airport', 'ru': 'Псков'}","{'en': 'Pskov', 'ru': 'Псков'}",Europe/Moscow
38,KGP,"{'en': 'Kogalym International Airport', 'ru': 'Когалым'}","{'en': 'Kogalym', 'ru': 'Когалым'}",Asia/Yekaterinburg
39,KJA,"{'en': 'Yemelyanovo Airport', 'ru': 'Емельяново'}","{'en': 'Krasnoyarsk', 'ru': 'Красноярск'}",Asia/Krasnoyarsk
40,URJ,"{'en': 'Uray Airport', 'ru': 'Петрозаводск'}","{'en': 'Uraj', 'ru': 'Урай'}",Asia/Yekaterinburg
41,IWA,"{'en': 'Ivanovo South Airport', 'ru': 'Иваново-Южный'}","{'en': 'Ivanovo', 'ru': 'Иваново'}",Europe/Moscow
42,PYJ,"{'en': 'Polyarny Airport', 'ru': 'Полярный'}","{'en': 'Yakutia', 'ru': 'Удачный'}",Asia/Yakutsk
43,KXK,"{'en': 'Komsomolsk-on-Amur Airport', 'ru': 'Хурба'}","{'en': 'Komsomolsk-on-Amur', 'ru': 'Комсомольск-на-Амуре'}",Asia/Vladivostok
44,DYR,"{'en': 'Ugolny Airport', 'ru': 'Анадырь'}","{'en': 'Anadyr', 'ru': 'Анадырь'}",Asia/Anadyr
45,PES,"{'en': 'Petrozavodsk Airport', 'ru': 'Бесовец'}","{'en': 'Petrozavodsk', 'ru': 'Петрозаводск'}",Europe/Moscow
46,KYZ,"{'en': 'Kyzyl Airport', 'ru': 'Кызыл'}","{'en': 'Kyzyl', 'ru': 'Кызыл'}",Asia/Krasnoyarsk
47,NOZ,"{'en': 'Spichenkovo Airport', 'ru': 'Спиченково'}","{'en': 'Novokuznetsk', 'ru': 'Новокузнецк'}",Asia/Novokuznetsk
48,GRV,"{'en': 'Khankala Air Base', 'ru': 'Грозный'}","{'en': 'Grozny', 'ru': 'Грозный'}",Europe/Moscow
49,NAL,"{'en': 'Nalchik Airport', 'ru': 'Нальчик'}","{'en': 'Nalchik', 'ru': 'Нальчик'}",Europe/Moscow
50,OGZ,"{'en': 'Beslan Airport', 'ru': 'Беслан'}","{'en': 'Beslan', 'ru': 'Владикавказ'}",Europe/Moscow
51,ESL,"{'en': 'Elista Airport', 'ru': 'Элиста'}","{'en': 'Elista', 'ru': 'Элиста'}",Europe/Moscow
52,SLY,"{'en': 'Salekhard Airport', 'ru': 'Салехард'}","{'en': 'Salekhard', 'ru': 'Салехард'}",Asia/Yekaterinburg
53,HMA,"{'en': 'Khanty Mansiysk Airport', 'ru': 'Ханты-Мансийск'}","{'en': 'Khanty-Mansiysk', 'ru': 'Ханты-Мансийск'}",Asia/Yekaterinburg
54,NYA,"{'en': 'Nyagan Airport', 'ru': 'Нягань'}","{'en': 'Nyagan', 'ru': 'Нягань'}",Asia/Yekaterinburg
55,OVS,"{'en': 'Sovetskiy Airport', 'ru': 'Советский'}","{'en': 'Sovetskiy', 'ru': 'Советский'}",Asia/Yekaterinburg
56,IJK,"{'en': 'Izhevsk Airport', 'ru': 'Ижевск'}","{'en': 'Izhevsk', 'ru': 'Ижевск'}",Europe/Samara
57,KVX,"{'en': 'Pobedilovo Airport', 'ru': 'Победилово'}","{'en': 'Kirov', 'ru': 'Киров'}",Europe/Moscow
58,NYM,"{'en': 'Nadym Airport', 'ru': 'Надым'}","{'en': 'Nadym', 'ru': 'Надым'}",Asia/Yekaterinburg
59,NFG,"{'en': 'Nefteyugansk Airport', 'ru': 'Нефтеюганск'}","{'en': 'Nefteyugansk', 'ru': 'Нефтеюганск'}",Asia/Yekaterinburg
60,KRO,"{'en': 'Kurgan Airport', 'ru': 'Курган'}","{'en': 'Kurgan', 'ru': 'Курган'}",Asia/Yekaterinburg
61,EGO,"{'en': 'Belgorod International Airport', 'ru': 'Белгород'}","{'en': 'Belgorod', 'ru': 'Белгород'}",Europe/Moscow
62,URS,"{'en': 'Kursk East Airport', 'ru': 'Курск-Восточный'}","{'en': 'Kursk', 'ru': 'Курск'}",Europe/Moscow
63,LPK,"{'en': 'Lipetsk Airport', 'ru': 'Липецк'}","{'en': 'Lipetsk', 'ru': 'Липецк'}",Europe/Moscow
64,VKT,"{'en': 'Vorkuta Airport', 'ru': 'Воркута'}","{'en': 'Vorkuta', 'ru': 'Воркута'}",Europe/Moscow
65,UUA,"{'en': 'Bugulma Airport', 'ru': 'Бугульма'}","{'en': 'Bugulma', 'ru': 'Бугульма'}",Europe/Moscow
66,JOK,"{'en': 'Yoshkar-Ola Airport', 'ru': 'Йошкар-Ола'}","{'en': 'Yoshkar-Ola', 'ru': 'Йошкар-Ола'}",Europe/Moscow
67,CSY,"{'en': 'Cheboksary Airport', 'ru': 'Чебоксары'}","{'en': 'Cheboksary', 'ru': 'Чебоксары'}",Europe/Moscow
68,ULY,"{'en': 'Ulyanovsk East Airport', 'ru': 'Ульяновск-Восточный'}","{'en': 'Ulyanovsk', 'ru': 'Ульяновск'}",Europe/Samara
69,OSW,"{'en': 'Orsk Airport', 'ru': 'Орск'}","{'en': 'Orsk', 'ru': 'Орск'}",Asia/Yekaterinburg
70,PEZ,"{'en': 'Penza Airport', 'ru': 'Пенза'}","{'en': 'Penza', 'ru': 'Пенза'}",Europe/Moscow
71,SKX,"{'en': 'Saransk Airport', 'ru': 'Саранск'}","{'en': 'Saransk', 'ru': 'Саранск'}",Europe/Moscow
72,TBW,"{'en': 'Donskoye Airport', 'ru': 'Донское'}","{'en': 'Tambow', 'ru': 'Тамбов'}",Europe/Moscow
73,UKX,"{'en': 'Ust-Kut Airport', 'ru': 'Усть-Кут'}","{'en': 'Ust-Kut', 'ru': 'Усть-Кут'}",Asia/Irkutsk
74,GDZ,"{'en': 'Gelendzhik Airport', 'ru': 'Геленджик'}","{'en': 'Gelendzhik', 'ru': 'Геленджик'}",Europe/Moscow
75,IAR,"{'en': 'Tunoshna Airport', 'ru': 'Туношна'}","{'en': 'Yaroslavl', 'ru': 'Ярославль'}",Europe/Moscow
76,NBC,"{'en': 'Begishevo Airport', 'ru': 'Бегишево'}","{'en': 'Nizhnekamsk', 'ru': 'Нижнекамск'}",Europe/Moscow
77,ULV,"{'en': 'Ulyanovsk Baratayevka Airport', 'ru': 'Баратаевка'}","{'en': 'Ulyanovsk', 'ru': 'Ульяновск'}",Europe/Samara
78,SWT,"{'en': 'Strezhevoy Airport', 'ru': 'Стрежевой'}","{'en': 'Strezhevoy', 'ru': 'Стрежевой'}",Asia/Krasnoyarsk
79,EYK,"{'en': 'Beloyarskiy Airport', 'ru': 'Белоярский'}","{'en': 'Beloyarsky', 'ru': 'Белоярский'}",Asia/Yekaterinburg
80,KLF,"{'en': 'Grabtsevo Airport', 'ru': 'Калуга'}","{'en': 'Kaluga', 'ru': 'Калуга'}",Europe/Moscow
81,RGK,"{'en': 'Gorno-Altaysk Airport', 'ru': 'Горно-Алтайск'}","{'en': 'Gorno-Altaysk', 'ru': 'Горно-Алтайск'}",Asia/Krasnoyarsk
82,KRR,"{'en': 'Krasnodar Pashkovsky International Airport', 'ru': 'Краснодар'}","{'en': 'Krasnodar', 'ru': 'Краснодар'}",Europe/Moscow
83,MCX,"{'en': 'Uytash Airport', 'ru': 'Уйташ'}","{'en': 'Makhachkala', 'ru': 'Махачкала'}",Europe/Moscow
84,KZN,"{'en': 'Kazan International Airport', 'ru': 'Казань'}","{'en': 'Kazan', 'ru': 'Казань'}",Europe/Moscow
85,REN,"{'en': 'Orenburg Central Airport', 'ru': 'Оренбург-Центральный'}","{'en': 'Orenburg', 'ru': 'Оренбург'}",Asia/Yekaterinburg
86,UFA,"{'en': 'Ufa International Airport', 'ru': 'Уфа'}","{'en': 'Ufa', 'ru': 'Уфа'}",Asia/Yekaterinburg
87,OVB,"{'en': 'Tolmachevo Airport', 'ru': 'Толмачёво'}","{'en': 'Novosibirsk', 'ru': 'Новосибирск'}",Asia/Novosibirsk
88,CEE,"{'en': 'Cherepovets Airport', 'ru': 'Череповец'}","{'en': 'Cherepovets', 'ru': 'Череповец'}",Europe/Moscow
89,OMS,"{'en': 'Omsk Central Airport', 'ru': 'Омск-Центральный'}","{'en': 'Omsk', 'ru': 'Омск'}",Asia/Omsk
90,ROV,"{'en': 'Rostov-on-Don Airport', 'ru': 'Ростов-на-Дону'}","{'en': 'Rostov', 'ru': 'Ростов-на-Дону'}",Europe/Moscow
91,AER,"{'en': 'Sochi International Airport', 'ru': 'Сочи'}","{'en': 'Sochi', 'ru': 'Сочи'}",Europe/Moscow
92,VOG,"{'en': 'Volgograd International Airport', 'ru': 'Гумрак'}","{'en': 'Volgograd', 'ru': 'Волгоград'}",Europe/Volgograd
93,BQS,"{'en': 'Ignatyevo Airport', 'ru': 'Игнатьево'}","{'en': 'Blagoveschensk', 'ru': 'Благовещенск'}",Asia/Yakutsk
94,GDX,"{'en': 'Sokol Airport', 'ru': 'Магадан'}","{'en': 'Magadan', 'ru': 'Магадан'}",Asia/Magadan
95,HTA,"{'en': 'Chita-Kadala Airport', 'ru': 'Чита'}","{'en': 'Chita', 'ru': 'Чита'}",Asia/Chita
96,BTK,"{'en': 'Bratsk Airport', 'ru': 'Братск'}","{'en': 'Bratsk', 'ru': 'Братск'}",Asia/Irkutsk
97,IKT,"{'en': 'Irkutsk Airport', 'ru': 'Иркутск'}","{'en': 'Irkutsk', 'ru': 'Иркутск'}",Asia/Irkutsk
98,UUD,"{'en': 'Ulan-Ude Airport (Mukhino)', 'ru': 'Байкал'}","{'en': 'Ulan-ude', 'ru': 'Улан-Удэ'}",Asia/Irkutsk
99,MMK,"{'en': 'Murmansk Airport', 'ru': 'Мурманск'}","{'en': 'Murmansk', 'ru': 'Мурманск'}",Europe/Moscow
100,ABA,"{'en': 'Abakan Airport', 'ru': 'Абакан'}","{'en': 'Abakan', 'ru': 'Абакан'}",Asia/Krasnoyarsk
101,BAX,"{'en': 'Barnaul Airport', 'ru': 'Барнаул'}","{'en': 'Barnaul', 'ru': 'Барнаул'}",Asia/Krasnoyarsk
102,AAQ,"{'en': 'Anapa Vityazevo Airport', 'ru': 'Витязево'}","{'en': 'Anapa', 'ru': 'Анапа'}",Europe/Moscow
103,CNN,"{'en': 'Chulman Airport', 'ru': 'Чульман'}","{'en': 'Neryungri', 'ru': 'Нерюнгри'}",Asia/Yakutsk
